<sixx sixx.version="1.0">
	<sixx.object sixx.id="0" sixx.type="DaskalosProject" >
		<sixx.object sixx.id="1" sixx.name="name" sixx.type="String" >JurskyPark</sixx.object>
		<sixx.object sixx.id="2" sixx.name="author" sixx.type="String" >Tam Hong Vinh</sixx.object>
		<sixx.object sixx.id="3" sixx.name="description" sixx.type="String" >Objektove modelovani schematu fungovani Jurskeho parku s velikym mnozstvim unikatnich dinosauru privedenych zpet z vyhynuti. 

Jelikoz je navsteva tohoto jedinecneho parku drahou zalezitosti&#44; tak se vstupenky prodavaji pouze na jednotlive dinosaury zvlast. Tudiz&#44; pokud chce zakaznik videt vsechny dinosaury v parku&#44; musi si koupit na kazdeho dinosaura jednu konkretni vstupenku.

Vstupenky lze zakoupit u prodejcu vstupenek.

Kazdy dinosaurus ma take sveho specialniho pruvodce&#44; ktery ma veskere znalosti o tomto dinosaurovi a tudiz tyto znalosti muze pri provadeni prezentovat zakaznikovi.

Dinosauri v parku jsou kvuli prehlednosti rozdeleni do tri kategorii: masozravi predatori&#44; mirumilovni bylozravci&#44; vladci nebes&#44; vodni dinosauri.</sixx.object>
		<sixx.object sixx.id="4" sixx.name="workspaceVariables" sixx.type="Dictionary" >
			<sixx.object sixx.id="5" sixx.type="Association" >
				<sixx.object sixx.id="6" sixx.name="key" sixx.type="Symbol" >VsechnyDinosaury</sixx.object>
				<sixx.object sixx.id="7" sixx.name="value" sixx.type="Set" >
					<sixx.object sixx.id="8" sixx.type="MasozraviPredatori" >
						<sixx.object sixx.id="9" sixx.name="druh" sixx.type="String" >Ceratosaurus</sixx.object>
						<sixx.object sixx.id="10" sixx.name="pruvodce" sixx.type="Pruvodce" >
							<sixx.object sixx.id="11" sixx.name="jmeno" sixx.type="String" >Petr</sixx.object>
							<sixx.object sixx.id="12" sixx.name="prijmeni" sixx.type="String" >Falcky</sixx.object>
							<sixx.object sixx.id="13" sixx.name="rodneCislo" sixx.type="LargePositiveInteger" >9807034318</sixx.object>
							<sixx.object sixx.id="14" sixx.name="vzdelani" sixx.type="String" >Mgr.</sixx.object>
						</sixx.object>
						<sixx.object sixx.id="15" sixx.name="navstevnik" sixx.type="Navstevnik" >
							<sixx.object sixx.id="16" sixx.name="jmeno" sixx.type="String" >Alena</sixx.object>
							<sixx.object sixx.id="17" sixx.name="prijmeni" sixx.type="String" >Novotna</sixx.object>
							<sixx.object sixx.id="18" sixx.name="rodneCislo" sixx.type="LargePositiveInteger" >9407032143</sixx.object>
							<sixx.object sixx.id="19" sixx.name="telefonniCislo" sixx.type="LargePositiveInteger" >605579727</sixx.object>
						</sixx.object>
						<sixx.object sixx.id="20" sixx.name="prodejceVstupenek" sixx.type="ProdejceVstupenek" >
							<sixx.object sixx.id="21" sixx.name="jmeno" sixx.type="String" >Aneta</sixx.object>
							<sixx.object sixx.id="22" sixx.name="prijmeni" sixx.type="String" >Dolezalova</sixx.object>
							<sixx.object sixx.id="23" sixx.name="rodneCislo" sixx.type="LargePositiveInteger" >9707011284</sixx.object>
							<sixx.object sixx.id="24" sixx.name="smena" sixx.type="String" >odpoledni</sixx.object>
						</sixx.object>
						<sixx.object sixx.id="25" sixx.name="velikost" sixx.type="SmallInteger" >700</sixx.object>
						<sixx.object sixx.id="26" sixx.name="stari" sixx.type="SmallInteger" >61</sixx.object>
						<sixx.object sixx.id="27" sixx.name="cenaVstupne" sixx.type="SmallInteger" >95000</sixx.object>
						<sixx.object sixx.id="28" sixx.name="delkaZobaku" sixx.type="SmallInteger" >50</sixx.object>
					</sixx.object>
					<sixx.object sixx.id="29" sixx.type="VladciNebes" >
						<sixx.object sixx.id="30" sixx.name="druh" sixx.type="String" >Pteranodon</sixx.object>
						<sixx.object sixx.id="31" sixx.name="pruvodce" sixx.type="Pruvodce" >
							<sixx.object sixx.id="32" sixx.name="jmeno" sixx.type="String" >Vaclav</sixx.object>
							<sixx.object sixx.id="33" sixx.name="prijmeni" sixx.type="String" >Nejedly</sixx.object>
							<sixx.object sixx.id="34" sixx.name="rodneCislo" sixx.type="LargePositiveInteger" >9004092586</sixx.object>
							<sixx.object sixx.id="35" sixx.name="vzdelani" sixx.type="String" >Ing.</sixx.object>
						</sixx.object>
						<sixx.object sixx.id="36" sixx.name="navstevnik" sixx.type="Navstevnik" >
							<sixx.object sixx.id="37" sixx.name="jmeno" sixx.type="String" >Tobyas</sixx.object>
							<sixx.object sixx.id="38" sixx.name="prijmeni" sixx.type="String" >Rodon</sixx.object>
							<sixx.object sixx.id="39" sixx.name="rodneCislo" sixx.type="LargePositiveInteger" >9909091234</sixx.object>
							<sixx.object sixx.id="40" sixx.name="telefonniCislo" sixx.type="LargePositiveInteger" >728564817</sixx.object>
						</sixx.object>
						<sixx.object sixx.id="41" sixx.name="prodejceVstupenek" sixx.type="ProdejceVstupenek" >
							<sixx.object sixx.id="42" sixx.name="jmeno" sixx.type="String" >Tomas</sixx.object>
							<sixx.object sixx.id="43" sixx.name="prijmeni" sixx.type="String" >Vesely</sixx.object>
							<sixx.object sixx.id="44" sixx.name="rodneCislo" sixx.type="LargePositiveInteger" >9205069875</sixx.object>
							<sixx.object sixx.id="45" sixx.name="smena" sixx.type="String" >ranni</sixx.object>
						</sixx.object>
						<sixx.object sixx.id="46" sixx.name="velikost" sixx.type="SmallInteger" >121</sixx.object>
						<sixx.object sixx.id="47" sixx.name="stari" sixx.type="SmallInteger" >23</sixx.object>
						<sixx.object sixx.id="48" sixx.name="cenaVstupne" sixx.type="SmallInteger" >15000</sixx.object>
						<sixx.object sixx.id="49" sixx.name="delkaKridla" sixx.type="SmallInteger" >80</sixx.object>
					</sixx.object>
					<sixx.object sixx.id="50" sixx.type="MirumilovniBylozravci" >
						<sixx.object sixx.id="51" sixx.name="druh" sixx.type="String" >Ankylosaurus</sixx.object>
						<sixx.object sixx.name="pruvodce" sixx.idref="31" />
						<sixx.object sixx.id="52" sixx.name="navstevnik" sixx.type="Navstevnik" >
							<sixx.object sixx.id="53" sixx.name="jmeno" sixx.type="String" >Radek</sixx.object>
							<sixx.object sixx.id="54" sixx.name="prijmeni" sixx.type="String" >Hlavaty</sixx.object>
							<sixx.object sixx.id="55" sixx.name="rodneCislo" sixx.type="LargePositiveInteger" >9307068334</sixx.object>
							<sixx.object sixx.id="56" sixx.name="telefonniCislo" sixx.type="LargePositiveInteger" >722464317</sixx.object>
						</sixx.object>
						<sixx.object sixx.name="prodejceVstupenek" sixx.idref="41" />
						<sixx.object sixx.id="57" sixx.name="velikost" sixx.type="SmallInteger" >798</sixx.object>
						<sixx.object sixx.id="58" sixx.name="stari" sixx.type="SmallInteger" >87</sixx.object>
						<sixx.object sixx.id="59" sixx.name="cenaVstupne" sixx.type="SmallInteger" >75000</sixx.object>
						<sixx.object sixx.id="60" sixx.name="oblibenaRostlinaKJidlu" sixx.type="String" >Kapradiny</sixx.object>
					</sixx.object>
					<sixx.object sixx.id="61" sixx.type="MirumilovniBylozravci" >
						<sixx.object sixx.id="62" sixx.name="druh" sixx.type="String" >Stegosaurus</sixx.object>
						<sixx.object sixx.name="pruvodce" sixx.idref="31" />
						<sixx.object sixx.name="navstevnik" sixx.idref="52" />
						<sixx.object sixx.id="63" sixx.name="prodejceVstupenek" sixx.type="ProdejceVstupenek" >
							<sixx.object sixx.id="64" sixx.name="jmeno" sixx.type="String" >Natalie</sixx.object>
							<sixx.object sixx.id="65" sixx.name="prijmeni" sixx.type="String" >Rendova</sixx.object>
							<sixx.object sixx.id="66" sixx.name="rodneCislo" sixx.type="LargePositiveInteger" >9901014973</sixx.object>
							<sixx.object sixx.id="67" sixx.name="smena" sixx.type="String" >vecerni</sixx.object>
						</sixx.object>
						<sixx.object sixx.id="68" sixx.name="velikost" sixx.type="SmallInteger" >820</sixx.object>
						<sixx.object sixx.id="69" sixx.name="stari" sixx.type="SmallInteger" >78</sixx.object>
						<sixx.object sixx.id="70" sixx.name="cenaVstupne" sixx.type="SmallInteger" >65000</sixx.object>
						<sixx.object sixx.id="71" sixx.name="oblibenaRostlinaKJidlu" sixx.type="String" >Gingko</sixx.object>
					</sixx.object>
					<sixx.object sixx.id="72" sixx.type="MasozraviPredatori" >
						<sixx.object sixx.id="73" sixx.name="druh" sixx.type="String" >Velociraptor</sixx.object>
						<sixx.object sixx.name="pruvodce" sixx.idref="10" />
						<sixx.object sixx.name="navstevnik" sixx.idref="15" />
						<sixx.object sixx.name="prodejceVstupenek" sixx.idref="41" />
						<sixx.object sixx.id="74" sixx.name="velikost" sixx.type="SmallInteger" >300</sixx.object>
						<sixx.object sixx.id="75" sixx.name="stari" sixx.type="SmallInteger" >20</sixx.object>
						<sixx.object sixx.id="76" sixx.name="cenaVstupne" sixx.type="SmallInteger" >90000</sixx.object>
						<sixx.object sixx.name="delkaZobaku" sixx.idref="75" />
					</sixx.object>
					<sixx.object sixx.id="77" sixx.type="VodniDinosauri" >
						<sixx.object sixx.id="78" sixx.name="druh" sixx.type="String" >Mosasaurus</sixx.object>
						<sixx.object sixx.name="pruvodce" sixx.idref="31" />
						<sixx.object sixx.name="navstevnik" sixx.idref="52" />
						<sixx.object sixx.name="prodejceVstupenek" sixx.idref="41" />
						<sixx.object sixx.id="79" sixx.name="velikost" sixx.type="SmallInteger" >564</sixx.object>
						<sixx.object sixx.id="80" sixx.name="stari" sixx.type="SmallInteger" >65</sixx.object>
						<sixx.object sixx.id="81" sixx.name="cenaVstupne" sixx.type="SmallInteger" >20000</sixx.object>
						<sixx.object sixx.id="82" sixx.name="delkaPloutve" sixx.type="SmallInteger" >358</sixx.object>
					</sixx.object>
					<sixx.object sixx.id="83" sixx.type="VladciNebes" >
						<sixx.object sixx.id="84" sixx.name="druh" sixx.type="String" >Dimorphodon</sixx.object>
						<sixx.object sixx.name="pruvodce" sixx.idref="10" />
						<sixx.object sixx.name="navstevnik" sixx.idref="15" />
						<sixx.object sixx.name="prodejceVstupenek" sixx.idref="63" />
						<sixx.object sixx.id="85" sixx.name="velikost" sixx.type="SmallInteger" >254</sixx.object>
						<sixx.object sixx.id="86" sixx.name="stari" sixx.type="SmallInteger" >47</sixx.object>
						<sixx.object sixx.id="87" sixx.name="cenaVstupne" sixx.type="SmallInteger" >43000</sixx.object>
						<sixx.object sixx.id="88" sixx.name="delkaKridla" sixx.type="SmallInteger" >110</sixx.object>
					</sixx.object>
					<sixx.object sixx.id="89" sixx.type="MasozraviPredatori" >
						<sixx.object sixx.id="90" sixx.name="druh" sixx.type="String" >Tyranosaurus Rex</sixx.object>
						<sixx.object sixx.name="pruvodce" sixx.idref="10" />
						<sixx.object sixx.name="navstevnik" sixx.idref="15" />
						<sixx.object sixx.name="prodejceVstupenek" sixx.idref="20" />
						<sixx.object sixx.id="91" sixx.name="velikost" sixx.type="SmallInteger" >1000</sixx.object>
						<sixx.object sixx.id="92" sixx.name="stari" sixx.type="SmallInteger" >79</sixx.object>
						<sixx.object sixx.id="93" sixx.name="cenaVstupne" sixx.type="SmallInteger" >100000</sixx.object>
						<sixx.object sixx.id="94" sixx.name="delkaZobaku" sixx.type="SmallInteger" >99</sixx.object>
					</sixx.object>
					<sixx.object sixx.id="95" sixx.type="VladciNebes" >
						<sixx.object sixx.id="96" sixx.name="druh" sixx.type="String" >Eudimorphodon</sixx.object>
						<sixx.object sixx.id="97" sixx.name="pruvodce" sixx.type="Pruvodce" >
							<sixx.object sixx.id="98" sixx.name="jmeno" sixx.type="String" >Jana</sixx.object>
							<sixx.object sixx.id="99" sixx.name="prijmeni" sixx.type="String" >Pokorna</sixx.object>
							<sixx.object sixx.id="100" sixx.name="rodneCislo" sixx.type="LargePositiveInteger" >9105022471</sixx.object>
							<sixx.object sixx.id="101" sixx.name="vzdelani" sixx.type="String" >Mgr.</sixx.object>
						</sixx.object>
						<sixx.object sixx.name="navstevnik" sixx.idref="36" />
						<sixx.object sixx.name="prodejceVstupenek" sixx.idref="63" />
						<sixx.object sixx.id="102" sixx.name="velikost" sixx.type="SmallInteger" >135</sixx.object>
						<sixx.object sixx.id="103" sixx.name="stari" sixx.type="SmallInteger" >66</sixx.object>
						<sixx.object sixx.id="104" sixx.name="cenaVstupne" sixx.type="SmallInteger" >27000</sixx.object>
						<sixx.object sixx.id="105" sixx.name="delkaKridla" sixx.type="SmallInteger" >97</sixx.object>
					</sixx.object>
					<sixx.object sixx.id="106" sixx.type="VodniDinosauri" >
						<sixx.object sixx.id="107" sixx.name="druh" sixx.type="String" >Spinosaurus</sixx.object>
						<sixx.object sixx.name="pruvodce" sixx.idref="97" />
						<sixx.object sixx.name="navstevnik" sixx.idref="15" />
						<sixx.object sixx.name="prodejceVstupenek" sixx.idref="20" />
						<sixx.object sixx.id="108" sixx.name="velikost" sixx.type="SmallInteger" >739</sixx.object>
						<sixx.object sixx.id="109" sixx.name="stari" sixx.type="SmallInteger" >46</sixx.object>
						<sixx.object sixx.id="110" sixx.name="cenaVstupne" sixx.type="SmallInteger" >60000</sixx.object>
						<sixx.object sixx.id="111" sixx.name="delkaPloutve" sixx.type="SmallInteger" >579</sixx.object>
					</sixx.object>
					<sixx.object sixx.id="112" sixx.type="MirumilovniBylozravci" >
						<sixx.object sixx.id="113" sixx.name="druh" sixx.type="String" >Apatosaurus</sixx.object>
						<sixx.object sixx.name="pruvodce" sixx.idref="31" />
						<sixx.object sixx.name="navstevnik" sixx.idref="15" />
						<sixx.object sixx.name="prodejceVstupenek" sixx.idref="63" />
						<sixx.object sixx.id="114" sixx.name="velikost" sixx.type="SmallInteger" >990</sixx.object>
						<sixx.object sixx.id="115" sixx.name="stari" sixx.type="SmallInteger" >98</sixx.object>
						<sixx.object sixx.id="116" sixx.name="cenaVstupne" sixx.type="SmallInteger" >70000</sixx.object>
						<sixx.object sixx.id="117" sixx.name="oblibenaRostlinaKJidlu" sixx.type="String" >Jehlicnany</sixx.object>
					</sixx.object>
					<sixx.object sixx.id="118" sixx.type="VodniDinosauri" >
						<sixx.object sixx.id="119" sixx.name="druh" sixx.type="String" >Shonisaurus</sixx.object>
						<sixx.object sixx.name="pruvodce" sixx.idref="10" />
						<sixx.object sixx.name="navstevnik" sixx.idref="15" />
						<sixx.object sixx.name="prodejceVstupenek" sixx.idref="63" />
						<sixx.object sixx.id="120" sixx.name="velikost" sixx.type="SmallInteger" >497</sixx.object>
						<sixx.object sixx.name="stari" sixx.idref="115" />
						<sixx.object sixx.id="121" sixx.name="cenaVstupne" sixx.type="SmallInteger" >10000</sixx.object>
						<sixx.object sixx.id="122" sixx.name="delkaPloutve" sixx.type="SmallInteger" >151</sixx.object>
					</sixx.object>
				</sixx.object>
			</sixx.object>
			<sixx.object sixx.id="123" sixx.type="Association" >
				<sixx.object sixx.id="124" sixx.name="key" sixx.type="Symbol" >ProdejciVstupenek</sixx.object>
				<sixx.object sixx.id="125" sixx.name="value" sixx.type="Set" >
					<sixx.object sixx.idref="41" />
					<sixx.object sixx.idref="20" />
					<sixx.object sixx.idref="63" />
				</sixx.object>
			</sixx.object>
			<sixx.object sixx.id="126" sixx.type="Association" >
				<sixx.object sixx.id="127" sixx.name="key" sixx.type="Symbol" >Pruvodci</sixx.object>
				<sixx.object sixx.id="128" sixx.name="value" sixx.type="Set" >
					<sixx.object sixx.idref="10" />
					<sixx.object sixx.idref="31" />
					<sixx.object sixx.idref="97" />
				</sixx.object>
			</sixx.object>
			<sixx.object sixx.id="129" sixx.type="Association" >
				<sixx.object sixx.id="130" sixx.name="key" sixx.type="Symbol" >Navstevnici</sixx.object>
				<sixx.object sixx.id="131" sixx.name="value" sixx.type="Set" >
					<sixx.object sixx.idref="15" />
					<sixx.object sixx.idref="52" />
					<sixx.object sixx.idref="36" />
				</sixx.object>
			</sixx.object>
		</sixx.object>
		<sixx.object sixx.id="132" sixx.name="workspaceText" sixx.type="String" >&quot;Vyber vsech dinosauru&#44; jejichz velikost je mensi nez 500: &quot;
VsechnyDinosaury select: [:a | a velikost &lt; 500]

&quot;Vyber vsech dinosauru&#44; u nichz hodnota metody jeMaly je true: &quot;
VsechnyDinosaury select: [:a | a jeMaly]

&quot;Vyber vsech dinosauru&#44; jejichz pruvodce ma titul Ing.: &quot;
VsechnyDinosaury select: [:a | a pruvodce vzdelani = &apos;Ing.&apos;]

&quot;Vyber vsech dinosauru&#44; jejichz metoda titulPruvodce se rovna Ing.: &quot;
VsechnyDinosaury select: [:a | a titulPruvodce = &apos;Ing.&apos;]

&quot;Vyber vsech navstevniku&#44; u nichz hodnota metody jeStatecny je true: &quot;
Navstevnici select: [:a | a jeStatecny]

&quot;Vyber vsech prodejcu vstupenek&#44; u nichz hodnota metody jsemZkuseny je true: &quot;
ProdejciVstupenek select: [:a | a jsemZkuseny]

&quot;Vyber vsech pruvodcu&#44; kteri provadeji zakazniky u masoszravych dinosauru: &quot;
Pruvodci select: [:a | a provadimPredatory]

&quot;Vyber vsech dinosauru&#44; krome masozravych predatoru &#40;pouze ony maji delku zobaku&#41;: &quot;
VsechnyDinosaury select: [:a | a delkaZobaku = 0]

&quot;Vyber pouze velkych dinosauru: &quot;
VsechnyDinosaury select: [:a | a jeMaly not]

&quot;Vyber vsech dinosauru&#44; ktere navstivil zakaznik se jmenem Radek: &quot;
VsechnyDinosaury select: [:a | a navstevnik jmeno = &apos;Radek&apos;]

&quot;Vyber vsech zakazniku&#44; kteri navstivili Velociraptora: &quot;
Navstevnici select: [:y | &#40;y navstiveneDinosaury contains: [:z | z druh = &apos;Velociraptor&apos;]&#41;]

&quot;Vyber vsech pruvodcu&#44; kteri provadi u dinosauru jejichz velikost je vetsi nez 900: &quot; 
Pruvodci select: [:y | &#40;y provadimDinosaury contains: [:z | z velikost &gt; 900]&#41;]
</sixx.object>
		<sixx.object sixx.id="133" sixx.name="scriptText" sixx.type="String" >&quot;Note that variables begining with uppercase letter will be moved into the workspace pool.&quot;

ProdejciVstupenek := Set new.
Pruvodci := Set new.
Navstevnici := Set new.
VsechnyDinosaury := Set new.

pro1 := ProdejceVstupenek new.
pro1 jmeno: &apos;Tomas&apos;.
pro1 prijmeni: &apos;Vesely&apos;.
pro1 rodneCislo: 9205069875.
pro1 smena: &apos;ranni&apos;.
ProdejciVstupenek add: pro1.

pro2 := ProdejceVstupenek new.
pro2 jmeno: &apos;Aneta&apos;.
pro2 prijmeni: &apos;Dolezalova&apos;.
pro2 rodneCislo: 9707011284.
pro2 smena: &apos;odpoledni&apos;.
ProdejciVstupenek add: pro2.

pro3 := ProdejceVstupenek new.
pro3 jmeno: &apos;Natalie&apos;.
pro3 prijmeni: &apos;Rendova&apos;.
pro3 rodneCislo: 9901014973.
pro3 smena: &apos;vecerni&apos;.
ProdejciVstupenek add: pro3.

pru1 := Pruvodce new.
pru1 jmeno: &apos;Vaclav&apos;.
pru1 prijmeni: &apos;Nejedly&apos;.
pru1 rodneCislo: 9004092586.
pru1 vzdelani: &apos;Ing.&apos;.
Pruvodci add: pru1.

pru2 := Pruvodce new.
pru2 jmeno: &apos;Jana&apos;.
pru2 prijmeni: &apos;Pokorna&apos;.
pru2 rodneCislo: 9105022471.
pru2 vzdelani: &apos;Mgr.&apos;.
Pruvodci add: pru2.

pru3 := Pruvodce new.
pru3 jmeno: &apos;Petr&apos;.
pru3 prijmeni: &apos;Falcky&apos;.
pru3 rodneCislo: 9807034318.
pru3 vzdelani: &apos;Mgr.&apos;.
Pruvodci add: pru3.

n1 := Navstevnik new.
n1 jmeno: &apos;Tobyas&apos;.
n1 prijmeni: &apos;Rodon&apos;.
n1 rodneCislo: 9909091234.
n1 telefonniCislo: 728564817.
Navstevnici add: n1.

n2 := Navstevnik new.
n2 jmeno: &apos;Alena&apos;.
n2 prijmeni: &apos;Novotna&apos;.
n2 rodneCislo: 9407032143.
n2 telefonniCislo: 605579727.
Navstevnici add: n2.

n3 := Navstevnik new.
n3 jmeno: &apos;Radek&apos;.
n3 prijmeni: &apos;Hlavaty&apos;.
n3 rodneCislo: 9307068334.
n3 telefonniCislo: 722464317.
Navstevnici add: n3.

vo1 := VodniDinosauri new.
vo1 druh: &apos;Mosasaurus&apos;.
vo1 pruvodce: pru1.
vo1 navstevnik: n3.
vo1 prodejceVstupenek: pro1.
vo1 velikost: 564.
vo1 stari: 65.
vo1 cenaVstupne: 20000.
vo1 delkaPloutve: 358.
VsechnyDinosaury add: vo1.

vo2 := VodniDinosauri new.
vo2 druh: &apos;Spinosaurus&apos;.
vo2 pruvodce: pru2.
vo2 navstevnik: n2.
vo2 prodejceVstupenek: pro2.
vo2 velikost: 739.
vo2 stari: 46.
vo2 cenaVstupne: 60000.
vo2 delkaPloutve: 579.
VsechnyDinosaury add: vo2.

vo3 := VodniDinosauri new.
vo3 druh: &apos;Shonisaurus&apos;.
vo3 pruvodce: pru3.
vo3 navstevnik: n2.
vo3 prodejceVstupenek: pro3.
vo3 velikost: 497.
vo3 stari: 98.
vo3 cenaVstupne: 10000.
vo3 delkaPloutve: 151.
VsechnyDinosaury add: vo3.

vl1 := VladciNebes new.
vl1 druh: &apos;Pteranodon&apos;.
vl1 pruvodce: pru1.
vl1 navstevnik: n1.
vl1 prodejceVstupenek: pro1.
vl1 velikost: 121.
vl1 stari: 23.
vl1 cenaVstupne: 15000.
vl1 delkaKridla: 80.
VsechnyDinosaury add: vl1.

vl2 := VladciNebes new.
vl2 druh: &apos;Dimorphodon&apos;.
vl2 pruvodce: pru3.
vl2 navstevnik: n2.
vl2 prodejceVstupenek: pro3.
vl2 velikost: 254.
vl2 stari: 47.
vl2 cenaVstupne: 43000.
vl2 delkaKridla: 110.
VsechnyDinosaury add: vl2.

vl3 := VladciNebes new.
vl3 druh: &apos;Eudimorphodon&apos;.
vl3 pruvodce: pru2.
vl3 navstevnik: n1.
vl3 prodejceVstupenek: pro3.
vl3 velikost: 135.
vl3 stari: 66.
vl3 cenaVstupne: 27000.
vl3 delkaKridla: 97.
VsechnyDinosaury add: vl3.

mi1 := MirumilovniBylozravci new.
mi1 druh: &apos;Apatosaurus&apos;.
mi1 pruvodce: pru1.
mi1 navstevnik: n2.
mi1 prodejceVstupenek: pro3.
mi1 velikost: 990.
mi1 stari: 98.
mi1 cenaVstupne: 70000.
mi1 oblibenaRostlinaKJidlu: &apos;Jehlicnany&apos;.
VsechnyDinosaury add: mi1.

mi2 := MirumilovniBylozravci new.
mi2 druh: &apos;Stegosaurus&apos;.
mi2 pruvodce: pru1.
mi2 navstevnik: n3.
mi2 prodejceVstupenek: pro3.
mi2 velikost: 820.
mi2 stari: 78.
mi2 cenaVstupne: 65000.
mi2 oblibenaRostlinaKJidlu: &apos;Gingko&apos;.
VsechnyDinosaury add: mi2.

mi3 := MirumilovniBylozravci new.
mi3 druh: &apos;Ankylosaurus&apos;.
mi3 pruvodce: pru1.
mi3 navstevnik: n3.
mi3 prodejceVstupenek: pro1.
mi3 velikost: 798.
mi3 stari: 87.
mi3 cenaVstupne: 75000.
mi3 oblibenaRostlinaKJidlu: &apos;Kapradiny&apos;.
VsechnyDinosaury add: mi3. 

ma1 := MasozraviPredatori new.
ma1 druh: &apos;Tyranosaurus Rex&apos;.
ma1 pruvodce: pru3.
ma1 navstevnik: n2.
ma1 prodejceVstupenek: pro2.
ma1 velikost: 1000.
ma1 stari: 79.
ma1 cenaVstupne: 100000.
ma1 delkaZobaku: 99.
VsechnyDinosaury add: ma1.

ma2 := MasozraviPredatori new.
ma2 druh: &apos;Velociraptor&apos;.
ma2 pruvodce: pru3.
ma2 navstevnik: n2.
ma2 prodejceVstupenek: pro1.
ma2 velikost: 300.
ma2 stari: 20.
ma2 cenaVstupne: 90000.
ma2 delkaZobaku: 20.
VsechnyDinosaury add: ma2.

ma3 := MasozraviPredatori new.
ma3 druh: &apos;Ceratosaurus&apos;.
ma3 pruvodce: pru3.
ma3 navstevnik: n2.
ma3 prodejceVstupenek: pro2.
ma3 velikost: 700.
ma3 stari: 61.
ma3 cenaVstupne: 95000.
ma3 delkaZobaku: 50.
VsechnyDinosaury add: ma3.

</sixx.object>
		<sixx.object sixx.id="134" sixx.name="messagesWithParMode" sixx.type="Symbol" >sendOnly</sixx.object>
		<sixx.object sixx.id="135" sixx.name="messagesWithoutParMode" sixx.type="Symbol" >sendAndBrowse</sixx.object>
		<sixx.object sixx.id="136" sixx.name="diagramSymbols" sixx.type="Set" >
			<sixx.object sixx.id="137" sixx.type="DaskalosClassSymbol" >
				<sixx.object sixx.id="138" sixx.name="subject" sixx.type="Symbol" >VodniDinosauri</sixx.object>
				<sixx.object sixx.id="139" sixx.name="position" sixx.type="Rectangle" >1170@560 corner: 1270@630</sixx.object>
				<sixx.object sixx.id="140" sixx.name="compositionConnections" sixx.type="Set" ></sixx.object>
			</sixx.object>
			<sixx.object sixx.id="141" sixx.type="DaskalosClassSymbol" >
				<sixx.object sixx.id="142" sixx.name="subject" sixx.type="Symbol" >VladciNebes</sixx.object>
				<sixx.object sixx.id="143" sixx.name="position" sixx.type="Rectangle" >1180@410 corner: 1280@480</sixx.object>
				<sixx.object sixx.id="144" sixx.name="compositionConnections" sixx.type="Set" ></sixx.object>
			</sixx.object>
			<sixx.object sixx.id="145" sixx.type="DaskalosClassSymbol" >
				<sixx.object sixx.id="146" sixx.name="subject" sixx.type="Symbol" >Osoba</sixx.object>
				<sixx.object sixx.id="147" sixx.name="position" sixx.type="Rectangle" >30@270 corner: 140@420</sixx.object>
				<sixx.object sixx.id="148" sixx.name="compositionConnections" sixx.type="Set" ></sixx.object>
			</sixx.object>
			<sixx.object sixx.id="149" sixx.type="DaskalosClassSymbol" >
				<sixx.object sixx.id="150" sixx.name="subject" sixx.type="Symbol" >Navstevnik</sixx.object>
				<sixx.object sixx.id="151" sixx.name="position" sixx.type="Rectangle" >440@40 corner: 610@150</sixx.object>
				<sixx.object sixx.id="152" sixx.name="compositionConnections" sixx.type="Set" ></sixx.object>
			</sixx.object>
			<sixx.object sixx.id="153" sixx.type="DaskalosClassSymbol" >
				<sixx.object sixx.id="154" sixx.name="subject" sixx.type="Symbol" >MirumilovniBylozravci</sixx.object>
				<sixx.object sixx.id="155" sixx.name="position" sixx.type="Rectangle" >1160@250 corner: 1310@340</sixx.object>
				<sixx.object sixx.id="156" sixx.name="compositionConnections" sixx.type="Set" ></sixx.object>
			</sixx.object>
			<sixx.object sixx.id="157" sixx.type="DaskalosCollectionSymbol" >
				<sixx.object sixx.name="subject" sixx.idref="131" />
				<sixx.object sixx.id="158" sixx.name="position" sixx.type="Rectangle" >470@180 corner: 580@266</sixx.object>
				<sixx.object sixx.id="159" sixx.name="name" sixx.type="String" >Navstevnici</sixx.object>
				<sixx.object sixx.id="160" sixx.name="borderPoints" sixx.type="List" >
					<sixx.object sixx.id="161" sixx.type="Point" >470@198</sixx.object>
					<sixx.object sixx.id="162" sixx.type="Point" >525@180</sixx.object>
					<sixx.object sixx.id="163" sixx.type="Point" >580@198</sixx.object>
					<sixx.object sixx.id="164" sixx.type="Point" >580@248</sixx.object>
					<sixx.object sixx.id="165" sixx.type="Point" >525@266</sixx.object>
					<sixx.object sixx.id="166" sixx.type="Point" >470@248</sixx.object>
					<sixx.object sixx.idref="161" />
				</sixx.object>
				<sixx.object sixx.id="167" sixx.name="innerRectangle" sixx.type="Rectangle" >471@199 corner: 579@247</sixx.object>
			</sixx.object>
			<sixx.object sixx.id="168" sixx.type="DaskalosCollectionSymbol" >
				<sixx.object sixx.name="subject" sixx.idref="128" />
				<sixx.object sixx.id="169" sixx.name="position" sixx.type="Rectangle" >470@400 corner: 580@486</sixx.object>
				<sixx.object sixx.id="170" sixx.name="name" sixx.type="String" >Pruvodci</sixx.object>
				<sixx.object sixx.id="171" sixx.name="borderPoints" sixx.type="List" >
					<sixx.object sixx.id="172" sixx.type="Point" >470@418</sixx.object>
					<sixx.object sixx.id="173" sixx.type="Point" >525@400</sixx.object>
					<sixx.object sixx.id="174" sixx.type="Point" >580@418</sixx.object>
					<sixx.object sixx.id="175" sixx.type="Point" >580@468</sixx.object>
					<sixx.object sixx.id="176" sixx.type="Point" >525@486</sixx.object>
					<sixx.object sixx.id="177" sixx.type="Point" >470@468</sixx.object>
					<sixx.object sixx.idref="172" />
				</sixx.object>
				<sixx.object sixx.id="178" sixx.name="innerRectangle" sixx.type="Rectangle" >471@419 corner: 579@467</sixx.object>
			</sixx.object>
			<sixx.object sixx.id="179" sixx.type="DaskalosCollectionSymbol" >
				<sixx.object sixx.name="subject" sixx.idref="7" />
				<sixx.object sixx.id="180" sixx.name="position" sixx.type="Rectangle" >1380@300 corner: 1490@386</sixx.object>
				<sixx.object sixx.id="181" sixx.name="name" sixx.type="String" >VsechnyDinosaury</sixx.object>
				<sixx.object sixx.id="182" sixx.name="borderPoints" sixx.type="List" >
					<sixx.object sixx.id="183" sixx.type="Point" >1380@318</sixx.object>
					<sixx.object sixx.id="184" sixx.type="Point" >1435@300</sixx.object>
					<sixx.object sixx.id="185" sixx.type="Point" >1490@318</sixx.object>
					<sixx.object sixx.id="186" sixx.type="Point" >1490@368</sixx.object>
					<sixx.object sixx.id="187" sixx.type="Point" >1435@386</sixx.object>
					<sixx.object sixx.id="188" sixx.type="Point" >1380@368</sixx.object>
					<sixx.object sixx.idref="183" />
				</sixx.object>
				<sixx.object sixx.id="189" sixx.name="innerRectangle" sixx.type="Rectangle" >1381@319 corner: 1489@367</sixx.object>
			</sixx.object>
			<sixx.object sixx.id="190" sixx.type="DaskalosCollectionSymbol" >
				<sixx.object sixx.name="subject" sixx.idref="125" />
				<sixx.object sixx.id="191" sixx.name="position" sixx.type="Rectangle" >470@630 corner: 580@716</sixx.object>
				<sixx.object sixx.id="192" sixx.name="name" sixx.type="String" >ProdejciVstupenek</sixx.object>
				<sixx.object sixx.id="193" sixx.name="borderPoints" sixx.type="List" >
					<sixx.object sixx.id="194" sixx.type="Point" >470@648</sixx.object>
					<sixx.object sixx.id="195" sixx.type="Point" >525@630</sixx.object>
					<sixx.object sixx.id="196" sixx.type="Point" >580@648</sixx.object>
					<sixx.object sixx.id="197" sixx.type="Point" >580@698</sixx.object>
					<sixx.object sixx.id="198" sixx.type="Point" >525@716</sixx.object>
					<sixx.object sixx.id="199" sixx.type="Point" >470@698</sixx.object>
					<sixx.object sixx.idref="194" />
				</sixx.object>
				<sixx.object sixx.id="200" sixx.name="innerRectangle" sixx.type="Rectangle" >471@649 corner: 579@697</sixx.object>
			</sixx.object>
			<sixx.object sixx.id="201" sixx.type="DaskalosClassSymbol" >
				<sixx.object sixx.id="202" sixx.name="subject" sixx.type="Symbol" >Dinosauri</sixx.object>
				<sixx.object sixx.id="203" sixx.name="position" sixx.type="Rectangle" >920@300 corner: 1060@450</sixx.object>
				<sixx.object sixx.id="204" sixx.name="compositionConnections" sixx.type="Set" >
					<sixx.object sixx.id="205" sixx.type="DaskalosCompositionConnection" >
						<sixx.object sixx.name="fromSymbol" sixx.idref="201" />
						<sixx.object sixx.id="206" sixx.name="toSymbol" sixx.type="DaskalosClassSymbol" >
							<sixx.object sixx.id="207" sixx.name="subject" sixx.type="Symbol" >ProdejceVstupenek</sixx.object>
							<sixx.object sixx.id="208" sixx.name="position" sixx.type="Rectangle" >440@500 corner: 610@610</sixx.object>
							<sixx.object sixx.id="209" sixx.name="compositionConnections" sixx.type="Set" ></sixx.object>
						</sixx.object>
						<sixx.object sixx.id="210" sixx.name="name" sixx.type="String" >prodejceVstupenek</sixx.object>
						<sixx.object sixx.id="211" sixx.name="cardinality" sixx.type="String" ></sixx.object>
						<sixx.object sixx.name="stereotype" sixx.idref="211" />
						<sixx.object sixx.id="212" sixx.name="controlPoints" sixx.type="List" >
							<sixx.object sixx.type="UndefinedObject" />
						</sixx.object>
					</sixx.object>
					<sixx.object sixx.id="213" sixx.type="DaskalosCompositionConnection" >
						<sixx.object sixx.name="fromSymbol" sixx.idref="201" />
						<sixx.object sixx.id="214" sixx.name="toSymbol" sixx.type="DaskalosClassSymbol" >
							<sixx.object sixx.id="215" sixx.name="subject" sixx.type="Symbol" >Pruvodce</sixx.object>
							<sixx.object sixx.id="216" sixx.name="position" sixx.type="Rectangle" >440@290 corner: 620@390</sixx.object>
							<sixx.object sixx.id="217" sixx.name="compositionConnections" sixx.type="Set" ></sixx.object>
						</sixx.object>
						<sixx.object sixx.id="218" sixx.name="name" sixx.type="String" >pruvodce</sixx.object>
						<sixx.object sixx.name="cardinality" sixx.idref="211" />
						<sixx.object sixx.name="stereotype" sixx.idref="211" />
						<sixx.object sixx.id="219" sixx.name="controlPoints" sixx.type="List" >
							<sixx.object sixx.type="UndefinedObject" />
						</sixx.object>
					</sixx.object>
					<sixx.object sixx.id="220" sixx.type="DaskalosCompositionConnection" >
						<sixx.object sixx.name="fromSymbol" sixx.idref="201" />
						<sixx.object sixx.name="toSymbol" sixx.idref="149" />
						<sixx.object sixx.id="221" sixx.name="name" sixx.type="String" >navstevnik</sixx.object>
						<sixx.object sixx.name="cardinality" sixx.idref="211" />
						<sixx.object sixx.name="stereotype" sixx.idref="211" />
						<sixx.object sixx.id="222" sixx.name="controlPoints" sixx.type="List" >
							<sixx.object sixx.type="UndefinedObject" />
						</sixx.object>
					</sixx.object>
				</sixx.object>
			</sixx.object>
			<sixx.object sixx.idref="214" />
			<sixx.object sixx.idref="206" />
			<sixx.object sixx.id="223" sixx.type="DaskalosClassSymbol" >
				<sixx.object sixx.id="224" sixx.name="subject" sixx.type="Symbol" >MasozraviPredatori</sixx.object>
				<sixx.object sixx.id="225" sixx.name="position" sixx.type="Rectangle" >1160@60 corner: 1280@170</sixx.object>
				<sixx.object sixx.id="226" sixx.name="compositionConnections" sixx.type="Set" ></sixx.object>
			</sixx.object>
		</sixx.object>
		<sixx.object sixx.id="227" sixx.name="diagramConnections" sixx.type="Set" >
			<sixx.object sixx.id="228" sixx.type="DaskalosElementConnection" >
				<sixx.object sixx.name="fromSymbol" sixx.idref="223" />
				<sixx.object sixx.name="toSymbol" sixx.idref="179" />
			</sixx.object>
			<sixx.object sixx.id="229" sixx.type="DaskalosElementConnection" >
				<sixx.object sixx.name="fromSymbol" sixx.idref="149" />
				<sixx.object sixx.name="toSymbol" sixx.idref="157" />
			</sixx.object>
			<sixx.object sixx.id="230" sixx.type="DaskalosCompositionConnection" >
				<sixx.object sixx.name="fromSymbol" sixx.idref="201" />
				<sixx.object sixx.name="toSymbol" sixx.idref="149" />
				<sixx.object sixx.id="231" sixx.name="name" sixx.type="String" >navstevnik</sixx.object>
				<sixx.object sixx.name="cardinality" sixx.idref="211" />
				<sixx.object sixx.name="stereotype" sixx.idref="211" />
				<sixx.object sixx.id="232" sixx.name="fromPoint" sixx.type="Point" >920@(30955 / 93)</sixx.object>
				<sixx.object sixx.id="233" sixx.name="toPoint" sixx.type="Point" >610@(13595 / 93)</sixx.object>
				<sixx.object sixx.id="234" sixx.name="controlPoints" sixx.type="List" >
					<sixx.object sixx.id="235" sixx.type="Point" >765@(7425 / 31)</sixx.object>
				</sixx.object>
			</sixx.object>
			<sixx.object sixx.id="236" sixx.type="DaskalosElementConnection" >
				<sixx.object sixx.name="fromSymbol" sixx.idref="206" />
				<sixx.object sixx.name="toSymbol" sixx.idref="190" />
			</sixx.object>
			<sixx.object sixx.id="237" sixx.type="DaskalosInheritanceConnection" >
				<sixx.object sixx.name="fromSymbol" sixx.idref="149" />
				<sixx.object sixx.name="toSymbol" sixx.idref="145" />
			</sixx.object>
			<sixx.object sixx.id="238" sixx.type="DaskalosElementConnection" >
				<sixx.object sixx.name="fromSymbol" sixx.idref="214" />
				<sixx.object sixx.name="toSymbol" sixx.idref="168" />
			</sixx.object>
			<sixx.object sixx.id="239" sixx.type="DaskalosCompositionConnection" >
				<sixx.object sixx.name="fromSymbol" sixx.idref="201" />
				<sixx.object sixx.name="toSymbol" sixx.idref="214" />
				<sixx.object sixx.id="240" sixx.name="name" sixx.type="String" >pruvodce</sixx.object>
				<sixx.object sixx.name="cardinality" sixx.idref="211" />
				<sixx.object sixx.name="stereotype" sixx.idref="211" />
				<sixx.object sixx.id="241" sixx.name="fromPoint" sixx.type="Point" >920@(17005 / 46)</sixx.object>
				<sixx.object sixx.id="242" sixx.name="toPoint" sixx.type="Point" >620@(15955 / 46)</sixx.object>
				<sixx.object sixx.id="243" sixx.name="controlPoints" sixx.type="List" >
					<sixx.object sixx.id="244" sixx.type="Point" >770@(8240 / 23)</sixx.object>
				</sixx.object>
			</sixx.object>
			<sixx.object sixx.id="245" sixx.type="DaskalosElementConnection" >
				<sixx.object sixx.name="fromSymbol" sixx.idref="153" />
				<sixx.object sixx.name="toSymbol" sixx.idref="179" />
			</sixx.object>
			<sixx.object sixx.id="246" sixx.type="DaskalosElementConnection" >
				<sixx.object sixx.name="fromSymbol" sixx.idref="137" />
				<sixx.object sixx.name="toSymbol" sixx.idref="179" />
			</sixx.object>
			<sixx.object sixx.id="247" sixx.type="DaskalosInheritanceConnection" >
				<sixx.object sixx.name="fromSymbol" sixx.idref="214" />
				<sixx.object sixx.name="toSymbol" sixx.idref="145" />
			</sixx.object>
			<sixx.object sixx.id="248" sixx.type="DaskalosInheritanceConnection" >
				<sixx.object sixx.name="fromSymbol" sixx.idref="206" />
				<sixx.object sixx.name="toSymbol" sixx.idref="145" />
			</sixx.object>
			<sixx.object sixx.id="249" sixx.type="DaskalosInheritanceConnection" >
				<sixx.object sixx.name="fromSymbol" sixx.idref="223" />
				<sixx.object sixx.name="toSymbol" sixx.idref="201" />
			</sixx.object>
			<sixx.object sixx.id="250" sixx.type="DaskalosInheritanceConnection" >
				<sixx.object sixx.name="fromSymbol" sixx.idref="153" />
				<sixx.object sixx.name="toSymbol" sixx.idref="201" />
			</sixx.object>
			<sixx.object sixx.id="251" sixx.type="DaskalosElementConnection" >
				<sixx.object sixx.name="fromSymbol" sixx.idref="141" />
				<sixx.object sixx.name="toSymbol" sixx.idref="179" />
			</sixx.object>
			<sixx.object sixx.id="252" sixx.type="DaskalosCompositionConnection" >
				<sixx.object sixx.name="fromSymbol" sixx.idref="201" />
				<sixx.object sixx.name="toSymbol" sixx.idref="206" />
				<sixx.object sixx.id="253" sixx.name="name" sixx.type="String" >prodejceVstupenek</sixx.object>
				<sixx.object sixx.name="cardinality" sixx.idref="211" />
				<sixx.object sixx.name="stereotype" sixx.idref="211" />
				<sixx.object sixx.id="254" sixx.name="fromPoint" sixx.type="Point" >920@(12465 / 31)</sixx.object>
				<sixx.object sixx.id="255" sixx.name="toPoint" sixx.type="Point" >610@(16185 / 31)</sixx.object>
				<sixx.object sixx.id="256" sixx.name="controlPoints" sixx.type="List" >
					<sixx.object sixx.id="257" sixx.type="Point" >765@(14325 / 31)</sixx.object>
				</sixx.object>
			</sixx.object>
			<sixx.object sixx.id="258" sixx.type="DaskalosInheritanceConnection" >
				<sixx.object sixx.name="fromSymbol" sixx.idref="137" />
				<sixx.object sixx.name="toSymbol" sixx.idref="201" />
			</sixx.object>
			<sixx.object sixx.id="259" sixx.type="DaskalosInheritanceConnection" >
				<sixx.object sixx.name="fromSymbol" sixx.idref="141" />
				<sixx.object sixx.name="toSymbol" sixx.idref="201" />
			</sixx.object>
		</sixx.object>
	</sixx.object>
</sixx>